{"cameraMode":{"drawMode":0,"name":"Shaded","section":"Shading Mode"},"sceneLighting":false,"audioPlay":false,"sceneViewState":{"showFog":false,"showMaterialUpdate":false,"showSkybox":false,"showFlares":false,"showImageEffects":false,"showParticleSystems":false},"in2DMode":false,"pivot":{"x":-18.582239151000978,"y":5.535689353942871,"z":-8.150566101074219},"rotation":{"x":0.10407187044620514,"y":0.5257457494735718,"z":-0.06497759371995926,"w":0.8417554497718811},"size":28.578847885131837,"orthographic":false}