{"cameraMode":{"drawMode":0,"name":"Shaded","section":"Shading Mode"},"sceneLighting":false,"audioPlay":false,"sceneViewState":{"showFog":false,"showMaterialUpdate":false,"showSkybox":false,"showFlares":false,"showImageEffects":false,"showParticleSystems":false},"in2DMode":false,"pivot":{"x":1.4454998970031739,"y":1.2339999675750733,"z":-0.6399999856948853},"rotation":{"x":0.05097782984375954,"y":-0.001497976714745164,"z":0.00007640385592821985,"w":0.9986994862556458},"size":15.282670021057129,"orthographic":false}