{"cameraMode":{"drawMode":0,"name":"Shaded","section":"Shading Mode"},"sceneLighting":false,"audioPlay":false,"sceneViewState":{"showFog":false,"showMaterialUpdate":false,"showSkybox":false,"showFlares":false,"showImageEffects":false,"showParticleSystems":false},"in2DMode":false,"pivot":{"x":2.1833062171936037,"y":0.3412086069583893,"z":0.4835357666015625},"rotation":{"x":0.23412425816059113,"y":0.0731254369020462,"z":-0.01765684224665165,"w":0.9693000912666321},"size":7.471578598022461,"orthographic":false}