{"cameraMode":{"drawMode":0,"name":"Shaded","section":"Shading Mode"},"sceneLighting":false,"audioPlay":false,"sceneViewState":{"showFog":false,"showMaterialUpdate":false,"showSkybox":false,"showFlares":false,"showImageEffects":false,"showParticleSystems":false},"in2DMode":false,"pivot":{"x":-24.103538513183595,"y":19.72287940979004,"z":-24.965377807617189},"rotation":{"x":0.15540283918380738,"y":0.6774922013282776,"z":-0.1497182697057724,"w":0.7031746506690979},"size":28.578847885131837,"orthographic":false}