{"cameraMode":{"drawMode":0,"name":"Shaded","section":"Shading Mode"},"sceneLighting":false,"audioPlay":false,"sceneViewState":{"showFog":false,"showMaterialUpdate":false,"showSkybox":false,"showFlares":false,"showImageEffects":false,"showParticleSystems":false},"in2DMode":false,"pivot":{"x":-2.018526315689087,"y":9.755167007446289,"z":-35.697731018066409},"rotation":{"x":0.1062949150800705,"y":0.009245496243238449,"z":-0.0009812474017962814,"w":0.9942994117736816},"size":28.578847885131837,"orthographic":false}